Item_ID,Name,Description,Price,Category,Vegan,Image,Allergens
MENU_001,Original Chicken Sandwich Combo,"Crispy chicken sandwich, fries & drink.",7.99,Combo,FALSE,menu/original-chicken-sandwich-combo.jpg,"gluten,wheat,egg"
MENU_002,Classic Burger Combo,"Juicy beef patty, lettuce, tomato, pickles, fries & drink.",8.99,Combo,FALSE,menu/classic-burger-combo.jpg,"gluten,wheat,egg,dairy"
MENU_003,BBQ Pulled Pork Combo,"Slow-cooked pulled pork, coleslaw, fries & drink.",9.99,Combo,FALSE,menu/bbq-pulled-pork-combo.jpg,"gluten,wheat"
MENU_004,Double Cheeseburger Combo,"Two beef patties, double cheese, special sauce, fries & drink.",10.99,Combo,FALSE,menu/double-cheeseburger-combo.jpg,"gluten,wheat,egg,dairy"
MENU_005,Wings & Wedges Box,Spicy wings with seasoned potato wedges.,9.49,Main,FALSE,menu/wings-and-wedges-box.jpg,"gluten,wheat"
MENU_006,Family Bucket,"12 pc chicken, large fries & slaw.",19.99,Main,FALSE,menu/family-bucket.jpg,"gluten,wheat"
MENU_007,Fish Tacos (3pc),"Beer-battered fish, cabbage slaw, lime crema, corn tortillas.",11.99,Main,FALSE,menu/fish-tacos-3pc.jpg,"gluten,wheat,fish,dairy"
MENU_008,Loaded Nachos,"Tortilla chips, cheese, jalapeños, sour cream, guacamole.",8.99,Main,FALSE,menu/loaded-nachos.jpg,"gluten,wheat,dairy"
MENU_009,Veggie Bowl,Rice bowl with crispy veggies and sauce.,8.49,Veg,TRUE,menu/veggie-bowl.jpg,soy
MENU_010,Smoky Tofu Wrap,"Grilled tofu, crisp veggies, spicy mayo in a warm wrap.",9.25,Veg,TRUE,menu/smoky-tofu-wrap.jpg,"soy,gluten"
MENU_011,Black Bean Burger,"House-made black bean patty, avocado, chipotle mayo.",7.99,Veg,TRUE,menu/black-bean-burger.jpg,"gluten,wheat,soy"
MENU_012,French Fries,Crispy golden fries with seasoning.,3.99,Side,TRUE,menu/french-fries.jpg,
MENU_013,Onion Rings,"Beer-battered onion rings, served crispy.",4.99,Side,FALSE,menu/onion-rings.jpg,"gluten,wheat,egg"
MENU_014,Mac & Cheese,Creamy macaroni and cheese.,4.99,Side,FALSE,menu/mac-and-cheese.jpg,"gluten,wheat,dairy"
MENU_015,Coleslaw,Fresh cabbage slaw with creamy dressing.,2.99,Side,FALSE,menu/coleslaw.jpg,"dairy,egg"
MENU_016,Loaded Fries,"Fries topped with cheese, bacon bits, and ranch.",6.99,Side,FALSE,menu/loaded-fries.jpg,"gluten,dairy"
MENU_017,Soft Drink (Can),"Coca-Cola, Sprite, Fanta, or Dr. Pepper.",1.99,Drink,TRUE,menu/soft-drink-can.jpg,
MENU_018,Soft Drink (Large),32oz fountain drink - choose your flavor.,2.99,Drink,TRUE,menu/soft-drink-large.jpg,
MENU_019,Fresh Lemonade,"Freshly squeezed lemonade, sweet and tart.",3.49,Drink,TRUE,menu/fresh-lemonade.jpg,
MENU_020,Iced Tea,Sweet or unsweetened iced tea.,2.49,Drink,TRUE,menu/iced-tea.jpg,
MENU_021,Bottled Water,16oz bottled water.,1.49,Drink,TRUE,menu/bottled-water.jpg,
MENU_022,Fresh Orange Juice,Freshly squeezed orange juice.,3.99,Drink,TRUE,menu/fresh-orange-juice.jpg,
MENU_023,Milk Shake,"Vanilla, chocolate, or strawberry milkshake.",4.99,Drink,FALSE,menu/milk-shake.jpg,dairy
